ticker,event_ticker,rank,favored_side,entry_price,opened_at
KXBTCD-26OCT0917-T85999.99,KXBTCD-26OCT0917,7,no,0.64,2026-10-02T20:10:25.266662+00:00
KXBTCD-26OCT0917-T82999.99,KXBTCD-26OCT0917,8,yes,0.64,2026-10-02T20:10:25.266730+00:00
KXBTCD-26OCT0917-T80999.99,KXBTCD-26OCT0917,5,yes,0.76,2026-10-02T20:10:25.266781+00:00
KXBTCD-26OCT0917-T80499.99,KXBTCD-26OCT0917,6,yes,0.79,2026-10-02T20:10:25.266829+00:00
KXBTCD-26OCT0917-T88999.99,KXBTCD-26OCT0917,5,no,0.82,2026-10-02T20:15:23.905009+00:00
KXBTCD-26OCT0917-T87999.99,KXBTCD-26OCT0917,6,no,0.77,2026-10-02T20:15:23.905079+00:00
KXBTCD-26OCT0917-T87499.99,KXBTCD-26OCT0917,7,no,0.74,2026-10-02T20:15:23.905132+00:00
KXBTCD-26OCT0917-T81999.99,KXBTCD-26OCT0917,8,yes,0.72,2026-10-02T20:15:23.905181+00:00
KXBTCD-26OCT0917-T81499.99,KXBTCD-26OCT0917,9,yes,0.72,2026-10-02T20:15:23.905229+00:00
KXBTCD-26OCT0917-T88499.99,KXBTCD-26OCT0917,6,no,0.8,2026-10-02T20:20:22.547172+00:00
KXBTCD-26OCT0917-T89999.99,KXBTCD-26OCT0917,5,no,0.86,2026-10-02T20:25:22.971777+00:00
KXBTCD-26OCT0917-T89499.99,KXBTCD-26OCT0917,6,no,0.84,2026-10-02T20:25:22.971846+00:00
KXBTCD-26OCT0917-T82499.99,KXBTCD-26OCT0917,5,yes,0.68,2026-10-02T20:55:23.018255+00:00
KXBTCD-26OCT0917-T85499.99,KXBTCD-26OCT0917,8,no,0.61,2026-10-02T21:00:23.960912+00:00
KXBTCD-26OCT0917-T86499.99,KXBTCD-26OCT0917,8,no,0.7,2026-10-02T21:05:20.366848+00:00
KXBTCD-26OCT0917-T91999.99,KXBTCD-26OCT0917,5,no,0.95,2026-10-02T21:10:21.157415+00:00
KXBTCD-26OCT0917-T77999.99,KXBTCD-26OCT0917,7,yes,0.94,2026-10-02T21:30:25.554987+00:00
KXBTCD-26OCT0917-T91499.99,KXBTCD-26OCT0917,8,no,0.95,2026-10-02T21:40:23.495481+00:00
KXBTCD-26OCT0917-T79499.99,KXBTCD-26OCT0917,9,yes,0.91,2026-10-02T21:40:23.495617+00:00
KXBTCD-26OCT0917-T90499.99,KXBTCD-26OCT0917,5,no,0.92,2026-10-02T22:55:20.249143+00:00
KXBTCD-26OCT0917-T79999.99,KXBTCD-26OCT0917,10,yes,0.92,2026-10-03T10:55:20.733312+00:00
KXBTCD-26OCT0417-T86999.99,KXBTCD-26OCT0417,7,no,0.96,2026-10-03T20:05:22.460500+00:00
KXBTCD-26OCT0417-T86749.99,KXBTCD-26OCT0417,8,no,0.95,2026-10-03T20:05:22.460574+00:00
KXBTCD-26OCT0417-T85999.99,KXBTCD-26OCT0417,5,no,0.83,2026-10-03T20:05:22.460627+00:00
KXBTCD-26OCT0417-T85749.99,KXBTCD-26OCT0417,6,no,0.84,2026-10-03T20:20:25.049884+00:00
KXBTCD-26OCT0417-T85249.99,KXBTCD-26OCT0417,10,no,0.65,2026-10-03T20:20:25.049948+00:00
KXBTCD-26OCT0417-T84499.99,KXBTCD-26OCT0417,5,yes,0.68,2026-10-03T20:20:25.049998+00:00
KXBTCD-26OCT0417-T83999.99,KXBTCD-26OCT0417,6,yes,0.87,2026-10-03T20:25:21.480351+00:00
KXBTCD-26OCT0417-T83249.99,KXBTCD-26OCT0417,5,yes,0.94,2026-10-03T20:25:21.480395+00:00
KXBTCD-26OCT0417-T84249.99,KXBTCD-26OCT0417,10,yes,0.78,2026-10-03T20:40:22.837208+00:00
KXBTCD-26OCT0417-T83499.99,KXBTCD-26OCT0417,8,yes,0.94,2026-10-03T20:50:20.609584+00:00
KXBTCD-26OCT0417-T85499.99,KXBTCD-26OCT0417,7,no,0.77,2026-10-03T20:55:20.942304+00:00
KXBTCD-26OCT0417-T83749.99,KXBTCD-26OCT0417,10,yes,0.88,2026-10-03T20:55:20.942408+00:00
KXBTCD-26OCT0417-T84999.99,KXBTCD-26OCT0417,5,no,0.61,2026-10-03T21:00:22.125427+00:00
KXBTCD-26OCT0417-T82999.99,KXBTCD-26OCT0417,5,yes,0.97,2026-10-03T21:40:59.171445+00:00
KXBTCD-26OCT0917-T86999.99,KXBTCD-26OCT0917,6,no,0.74,2026-10-04T01:40:20.873809+00:00
KXBTCD-26OCT0409-T85699.99,KXBTCD-26OCT0409,8,no,0.98,2026-10-04T12:05:20.355418+00:00
KXBTCD-26OCT0409-T85599.99,KXBTCD-26OCT0409,5,no,0.96,2026-10-04T12:05:20.355448+00:00
KXBTCD-26OCT0409-T85099.99,KXBTCD-26OCT0409,6,yes,0.96,2026-10-04T12:05:20.355469+00:00
KXBTCD-26OCT0409-T84999.99,KXBTCD-26OCT0409,7,yes,0.98,2026-10-04T12:05:20.355488+00:00
KXBTCD-26OCT0409-T84899.99,KXBTCD-26OCT0409,9,yes,0.98,2026-10-04T12:05:20.355506+00:00
KXBTCD-26OCT0409-T75299.99,KXBTCD-26OCT0409,10,yes,0.99,2026-10-04T12:05:20.355524+00:00
KXBTCD-26OCT0409-T85799.99,KXBTCD-26OCT0409,9,no,0.98,2026-10-04T12:10:19.963613+00:00
KXBTCD-26OCT0417-T86499.99,KXBTCD-26OCT0417,10,no,0.96,2026-10-04T12:15:23.614185+00:00
KXBTCD-26OCT0409-T84799.99,KXBTCD-26OCT0409,10,yes,0.98,2026-10-04T12:20:24.597810+00:00
KXBTCD-26OCT0409-T85499.99,KXBTCD-26OCT0409,5,no,0.99,2026-10-04T12:50:21.021624+00:00
KXBTCD-26OCT0410-T85399.99,KXBTCD-26OCT0410,6,no,0.96,2026-10-04T13:00:23.447375+00:00
KXBTCD-26OCT0410-T85299.99,KXBTCD-26OCT0410,8,no,0.88,2026-10-04T13:00:23.447418+00:00
KXBTCD-26OCT0410-T84999.99,KXBTCD-26OCT0410,9,yes,0.77,2026-10-04T13:00:23.447445+00:00
KXBTCD-26OCT0410-T84899.99,KXBTCD-26OCT0410,7,yes,0.91,2026-10-04T13:00:23.447468+00:00
KXBTCD-26OCT0410-T84799.99,KXBTCD-26OCT0410,5,yes,0.97,2026-10-04T13:00:23.447492+00:00
